ISO3,AREA,LON,LAT,UN_2000_E,LON,LAT,UN_2005_E,LON,LAT,UN_2010_E,LON,LAT,UN_2015_E,LON,LAT,UN_2020_E,LON,LAT
REU,2525.185444,55.5326038,-21.13319451,736712,55.474172,-21.0911418,791601,55.47459422,-21.0918648,830516,55.47497506,-21.09254203,861157,55.47531359,-21.09317406,891863,55.47560892,-21.09376132
MRT,1046448.689,-10.35464827,20.18467423,2711423,-12.96051813,17.16724056,3154089,-12.97565772,17.16701381,3591395,-12.98613963,17.16901375,4067561,-12.98156228,17.17054483,4573162,-12.94502204,17.16755905
GNB,34018.96235,-14.98124035,12.01272421,1315454,-15.24770773,12.02558241,1462783,-15.24708383,12.02327756,1634196,-15.247036,12.02069598,1844326,-15.24757059,12.01784565,2068360,-15.24869011,12.01474211
GMB,10760.69405,-15.37641419,13.44736319,1228865,-15.92164978,13.41964898,1440541,-15.94649869,13.4145693,1693003,-15.97808201,13.40912238,1990924,-16.01592136,13.40339786,2325503,-16.05929317,13.39751795
LBR,96547.89875,-9.305011279,6.442675962,2891970,-9.799802593,6.531025283,3269789,-9.817498259,6.520288323,3957988,-9.835640879,6.509088303,4503434,-9.85421208,6.49753208,5090857,-9.873185865,6.485730027
COM,1683.46772,43.68311532,-11.89382206,547695,43.58031286,-11.97840284,618633,43.5825176,-11.97740314,698695,43.58491508,-11.97647336,788475,43.58751939,-11.9756195,883162,43.59033637,-11.97484378
MUS,2037.834512,57.89637673,-20.11022579,1185135,57.73311157,-20.22251276,1222009,57.73959334,-20.22154267,1247944,57.74603835,-20.22053793,1273216,57.75243875,-20.21950635,1291365,57.75875481,-20.21844515
SHN,413.450148,-10.36763889,-23.57763299,5113,-7.076320692,-15.8713404,4273,-7.202499578,-15.84956813,4174,-7.339413217,-15.83228958,3960,-7.485104076,-15.80571024,4052,-7.639431658,-15.77833883
NAM,827940.2631,17.20620226,-22.02798885,1897917,17.09797025,-19.69827234,2026987,17.07996129,-19.76413477,2193651,17.06086699,-19.83862581,2458857,17.04025723,-19.92166128,2731167,17.01773845,-20.01322155
STP,1008.98678,6.71641521,0.436354026,137163,6.705119469,0.36453705,153145,6.70464832,0.363650468,170880,6.704163811,0.362747853,190345,6.703666064,0.361828071,211039,6.703154177,0.360890675
DZA,2316660.347,2.687616092,27.90663249,31183672,3.564902995,35.61826694,33267889,3.5542128,35.58618705,36036160,3.539624024,35.55580317,39666524,3.518149077,35.52816546,43007779,3.482755899,35.5057225
MAR,414726.5202,-6.350500229,31.78356593,28950537,-6.605606569,33.14410475,30385497,-6.617734315,33.1491751,32107727,-6.630631364,33.15454149,34377536,-6.644173354,33.1604361,36444326,-6.658258975,33.16706359
TZA,947930.8781,34.81670332,-6.246951048,33991626,35.14037561,-5.495083573,39065605,35.15186673,-5.483812382,45648534,35.1710748,-5.475281647,53470413,35.19876471,-5.46979839,62267306,35.23560589,-5.467649151
MYT,394.0448635,45.14839872,-12.82118017,150330,45.16900264,-12.80154281,178105,45.16941748,-12.80197551,208723,45.16976202,-12.80229568,240016,45.17004378,-12.80250223,273169,45.17026484,-12.80258491
SSD,626242.1229,30.27723553,7.297582441,6692998,30.19626321,7.448572054,8099910,30.40234472,7.291519571,10056478,30.66994619,7.06792796,12339810,31.02074712,6.754201438,14122216,31.45288335,6.349581572
TCD,1277274.458,18.65594411,15.26358,8343320,17.2018959,11.2140708,10067931,17.2703245,11.29839304,11896384,17.34673246,11.3931896,14037472,17.4321838,11.50015587,16431331,17.52779516,11.62116054
CAF,624212.867,20.48003514,6.56640315,3726051,18.4267592,5.462065516,4055610,18.42732814,5.457245106,4444975,18.427908,5.452325637,4900272,18.42849405,5.447309704,5408762,18.4290933,5.442194437
SWZ,17359.43378,31.50144614,-26.5627653,1063712,31.43003899,-26.54428507,1104642,31.42882174,-26.53734455,1193147,31.42756233,-26.53065415,1286969,31.42626307,-26.52421133,1366260,31.4249278,-26.51802199
NER,1190149.909,9.348844578,17.37190794,11224530,5.763931723,13.98643273,13485434,5.843709089,13.99581361,16291990,5.922967902,14.0081782,19899121,6.000502344,14.02431898,24314935,6.074580523,14.04520701
TGO,57362.14939,0.978417336,8.523162233,4874736,1.067484527,7.776018675,5578218,1.062969838,7.78087215,6390851,1.059552319,7.774233169,7304579,1.057658009,7.752637811,8293638,1.057696213,7.71295649
LSO,30558.83991,28.25531181,-29.57738364,1856226,27.94695833,-29.47182547,1925845,27.95044748,-29.46670051,2010589,27.95378401,-29.46167174,2135019,27.95697492,-29.45674428,2257685,27.96003006,-29.45192277
CIV,323718.783,-5.554248142,7.617594168,16517947,-5.280002774,6.649197546,18132700,-5.294273662,6.65793596,20131708,-5.309636723,6.66834307,22701557,-5.326227514,6.680664025,25565548,-5.344204667,6.695176957
BFA,276483.0775,-1.750926498,12.27738009,11607946,-1.903373884,12.28650757,13421932,-1.897925067,12.27377678,15632065,-1.893803434,12.25844393,18105567,-1.891316727,12.24021306,20860547,-1.890877708,12.21872558
ZWE,392719.7753,29.86840749,-18.97785257,12499978,30.5498167,-18.7327012,12984415,30.56859361,-18.71089362,13973888,30.58647654,-18.68930288,15602757,30.60347686,-18.66792694,17470712,30.61960649,-18.64675801
GHA,239866.2373,-1.210920546,7.956559427,18824994,-1.0300349,6.929191074,21389515,-1.017026195,6.913531629,24317733,-1.005637556,6.897473688,27409894,-0.996058388,6.881136524,30530454,-0.988465614,6.864645177
DJI,21819.97871,42.57940626,11.73336529,722562,42.86877468,11.56347109,778406,42.86527857,11.57068199,830804,42.86130748,11.5788374,887861,42.85683964,11.58796818,946669,42.85186698,11.59808335
HMD,362.3585408,73.51061832,-53.09260553,0,0,0,0,0,0,0,0,0,0,0,0,0,0,0
BEN,116156.3345,2.338494937,9.644165901,6949364,2.262271675,7.967874554,8182359,2.270037839,8.004292224,9509797,2.278728002,8.034833059,10879833,2.288169056,8.059252942,12360722,2.298172158,8.077378747
ETH,1138268.832,39.6469644,8.602673365,66443604,38.61422704,9.12736503,76608431,38.61115825,9.096837147,87561827,38.60776565,9.066642252,99390752,38.60402912,9.036797139,111971077,38.59992604,9.007316383
SOM,636866.1751,45.84463432,6.030179152,7385418,45.13907863,4.98650845,8466936,45.13908017,4.98650918,9581716,45.13907975,4.98650769,10787106,45.13907954,4.986507743,12422738,45.13907873,4.986507792
ZMB,755806.3292,27.82823106,-13.42528451,10585218,28.60291549,-13.59149603,12043586,28.60676878,-13.59874854,13917434,28.61507099,-13.60144463,16211765,28.62734396,-13.59814978,18882332,28.64382866,-13.58398082
MDG,594541.1829,46.73670379,-19.28092798,15744814,47.42699647,-19.32197851,18290396,47.39593233,-19.31770743,21079543,47.36047809,-19.31852035,24235410,47.32046058,-19.32456534,27798958,47.27578927,-19.33579336
UGA,243049.3086,32.3912358,1.279902924,23757641,32.20305601,0.910303184,28042404,32.21677262,0.916015094,33149427,32.22967662,0.923401097,39032386,32.24151541,0.931885177,45856370,32.25203695,0.941010013
GNQ,27201.25795,10.33110762,1.701262853,530896,9.98671726,2.117810223,625867,9.974281736,2.128987566,728711,9.9618023,2.140293174,845060,9.949294828,2.151729806,970827,9.936759986,2.163290472
SLE,73068.60827,-11.79016252,8.554439443,4060704,-12.04596779,8.429672813,5071275,-12.05768168,8.420977687,5775906,-12.06852268,8.412041632,6453185,-12.07859338,8.402875031,7160368,-12.08798759,8.393493374
GAB,266408.9446,11.78520189,-0.622000611,1231549,10.7832632,-0.27141917,1377778,10.87359783,-0.289409504,1541936,10.97760757,-0.315052061,1725293,11.09554707,-0.348846232,1917170,11.22707811,-0.391019105
LBY,1622442.516,18.08399266,26.93612345,5337264,15.78276712,31.39073199,5801543,15.78276842,31.39073117,6265696,15.7827675,31.3907299,6278438,15.78276851,31.39073061,6700085,15.78276764,31.39073118
SYC,496.8231005,51.80066153,-6.74684879,81156,55.4077866,-4.674832558,88744,55.41889716,-4.668461393,93081,55.42965751,-4.662250397,96472,55.43999686,-4.6562442,98841,55.45007277,-4.650341589
COG,343953.0259,15.24637343,-0.830387798,3109269,14.20216874,-3.735483486,3503087,14.24128084,-3.573159842,4066079,14.4137012,-3.264359765,4620330,14.72531321,-2.73143,5263341,15.19671254,-1.907752882
MWI,118746.5081,34.29428073,-13.19534319,11193230,34.4779778,-14.28418939,12747846,34.46300694,-14.25836103,14769777,34.44760015,-14.23292345,17215218,34.43123738,-14.20767345,20022259,34.41240668,-14.18223405
CPV,4114.353283,-23.97502453,15.94193808,438737,-23.98405296,15.66132577,474224,-23.98766969,15.66528374,490380,-23.98885871,15.66981468,520501,-23.98672638,15.67488903,552850,-23.98017117,15.6804772
AGO,1255284.684,17.54372488,-12.24001622,15058643,15.67042264,-10.82746103,17912941,15.53838544,-10.99863933,21219955,15.29517339,-10.99385608,25021969,14.92813671,-10.75750555,29245334,14.49161474,-10.33090744
GIN,246205.4074,-10.92961776,10.42848916,8799163,-11.60604819,10.09793415,9669018,-11.5998868,10.12338803,11012400,-11.59247802,10.14606289,12608591,-11.58637683,10.1659387,14354833,-11.58528554,10.18274658
ZAF,1224469.641,25.20315101,-28.87690498,44896855,27.87161045,-28.27208473,48352991,27.79837522,-28.25562036,51621480,27.72489043,-28.23892162,54490626,27.6514942,-28.2217813,56668550,27.57854305,-28.20401235
BVT,77.40553922,3.382171105,-54.42832111,0,0,0,0,0,0,0,0,0,0,0,0,0,0,0
CMR,469100.9894,12.73915695,5.680649157,15927714,11.78319289,6.24691904,18126996,11.7940233,6.237383693,20590665,11.80071373,6.220304983,23344183,11.80341163,6.195777662,26332957,11.80233218,6.164035581
KEN,595307.4983,37.81862057,0.599495788,31065818,36.46301235,-0.509160991,35349058,36.50583506,-0.473445593,40328310,36.5638011,-0.427850829,46050313,36.64068705,-0.370011653,52186713,36.7406273,-0.297359721
MOZ,790926.3087,35.61886778,-17.12709262,18264533,36.10604281,-18.19660985,21126682,36.09040556,-18.10166657,24321458,36.06909481,-18.00612561,27977871,36.04142211,-17.90938379,31993004,36.00671358,-17.810782
SDN,1866822.527,29.92187098,15.90860838,28079657,30.94446334,14.18730469,31990010,30.91140227,14.20097043,36114887,30.8679604,14.21098229,40234875,30.8151866,14.21764451,45308396,30.75420138,14.22129802
BWA,580861.3715,23.82429832,-22.14432759,1736580,25.69202092,-22.90935279,1863999,25.67318427,-22.91770392,2047832,25.65502651,-22.92715321,2262486,25.63754934,-22.93770473,2460223,25.6207477,-22.94934427
ATF,7826.309944,68.62390884,-48.97757862,0,0,0,0,0,0,0,0,0,0,0,0,0,0,0
ERI,120534.3387,38.83400261,15.3915065,3535155,38.50832036,15.59697411,4191273,38.52298877,15.57312417,4689664,38.5365563,15.5503227,5227791,38.54906476,15.52855861,5891499,38.5605636,15.50781035
MLI,1257122.23,-3.578139249,17.27009566,11046924,-6.366342412,13.45819294,12881380,-6.38060531,13.449569,15167294,-6.397951097,13.43869798,17599705,-6.42014165,13.4242308,20456898,-6.449424515,13.404439
SEN,197412.8852,-14.46473018,14.35497269,9860580,-16.00650833,14.49838132,11268995,-16.00650842,14.49838123,12956789,-16.00650817,14.49838137,15129270,-16.00650845,14.49838152,17487413,-16.00650828,14.49838133
COD,2343614.046,23.65220887,-2.852051614,48048666,22.79064778,-3.294753236,56089535,23.10229624,-3.450629281,65938709,23.40411042,-3.651743936,77266807,23.69516954,-3.898064818,90169369,23.97436017,-4.187198886
NGA,913779.2777,8.085817138,9.569830235,122876761,7.21622219,8.623785606,139611317,7.215585575,8.628839128,159424791,7.215081314,8.634138197,182201912,7.214724342,8.639758627,206831006,7.214534743,8.645795707
EGY,1003871.939,29.89213134,26.41442997,68334898,31.23480166,29.62296341,74942113,31.22778426,29.63488964,82041000,31.22508309,29.63503034,91508080,31.22918601,29.61667789,100517804,31.24449234,29.56794569
ESH,268493.1895,-13.17999706,24.63596046,305614,-13.57947629,26.2232819,427782,-13.65083084,26.19109298,512065,-13.72759302,26.1451433,572540,-13.80790192,26.0882956,631288,-13.89036298,26.02284797
TUN,155253.2761,9.582123384,34.06259368,9699192,9.972058923,35.74548231,10102478,9.989867801,35.75011617,10639194,10.00742449,35.75653243,11253547,10.02468961,35.76487049,11835280,10.04162462,35.77527717
BDI,27142.17013,29.88980948,-3.36652413,6767071,29.82893642,-3.24799607,7934215,29.82891592,-3.252215754,9461113,29.83023029,-3.25463155,11178924,29.83313272,-3.255080964,13126281,29.83794059,-3.25325091
RWA,25429.48957,29.92359542,-2.000298908,8021871,29.81743289,-1.996976414,9008219,29.83297721,-1.998245487,10293668,29.85119277,-1.996537053,11609669,29.87212175,-1.991391013,12996601,29.89583806,-1.982187912
VNM,330215.3853,106.3489975,16.49170647,80285565,106.3655541,15.90955911,84203823,106.3857671,15.77086872,88357772,106.402446,15.6405264,93447591,106.4165013,15.51322853,98156607,106.4285801,15.38467242
CYP,9289.383774,33.22538547,35.04967221,943283,33.32228253,35.02822954,1032581,33.31997334,35.02662508,1103693,33.31660253,35.02422956,1165293,33.31210344,35.02097817,1218242,33.30629042,35.01677973
MYS,331533.6821,109.7079052,3.790748677,23420739,104.3288432,3.856864729,25796112,104.3976799,3.851593524,28119498,104.468798,3.844630065,30331011,104.5413624,3.835993171,32374467,104.6145166,3.82569188
LKA,66320.83429,80.69664119,7.61744875,18783781,80.42531471,7.2408084,19526419,80.42566467,7.224286936,20201316,80.4259637,7.213633898,20715066,80.42612859,7.206788842,21157434,80.42612489,7.202506278
SPR,1.886425863,114.5085361,10.83826007,0,0,0,0,0,0,0,0,0,0,0,0,0,0,0
PRK,122815.8663,127.1310083,40.10322244,22840215,126.5917021,39.62059996,23813323,126.5881878,39.62515623,24500499,126.5843683,39.62972674,25155318,126.5802459,39.63431129,25762603,126.5758246,39.63891096
KGZ,199694.0957,74.51821422,41.44194508,4954855,73.75176081,41.55728906,5115468,73.74676787,41.56114756,5464565,73.74179447,41.56505095,5939966,73.73685066,41.5689997,6383565,73.73193806,41.57299515
BTN,40149.60813,90.42750314,27.41732454,564190,90.24240265,27.21335143,651155,90.23839629,27.2137415,720243,90.23442294,27.21413694,774832,90.23047871,27.21454589,817335,90.22655001,27.21496542
JPN,373128.8656,137.574149,37.22920197,125714698,136.9834835,35.58889826,126978708,137.0044528,35.57640461,127319734,137.02611,35.56426247,126573444,137.0484395,35.55247684,125039022,137.0714236,35.54105315
TLS,15008.30286,125.8528213,-8.819967719,847185,125.6888614,-8.788495823,989502,125.678242,-8.781728201,1057120,125.6688251,-8.773960169,1184752,125.6605044,-8.765286048,1314528,125.6531833,-8.755836
KHM,182457.2942,104.9151274,12.70334,12197878,104.7127723,12.01732315,13320075,104.6954456,12.04308251,14363586,104.6671595,12.08413162,15577888,104.6184161,12.15527529,16809181,104.5347807,12.28348802
MDV,301.7233621,73.22578364,3.70837005,280384,73.27916399,3.797570083,304964,73.29608718,3.847485339,332567,73.31022039,3.903055896,363657,73.31461117,3.942171856,393086,73.2892566,3.852766928
SGP,678.2318368,103.8201306,1.356596675,3918185,103.8412118,1.352327941,4495528,103.8398341,1.354135148,5078960,103.8386398,1.356318927,5603739,103.8377949,1.358980229,6006709,103.8375184,1.362215799
MAC,27.33197682,113.5573727,22.16217575,431904,113.5472232,22.19731907,468149,113.5475309,22.19677459,534626,113.5478496,22.19610081,587604,113.548175,22.19529143,633520,113.5485017,22.19434558
KOR,100511.2734,127.7882067,36.33363111,46206262,127.5526443,36.56259175,47605857,127.5373422,36.58610615,49090037,127.520415,36.61032743,50293448,127.5013993,36.63585788,51251482,127.479745,36.66341755
OMN,310779.7177,56.06631355,20.54689428,2239404,57.34313761,22.72965298,2506886,57.35386847,22.74008327,2943747,57.36167785,22.74364984,4490540,57.36424038,22.73453639,4815879,57.35792191,22.70318266
YEM,454796.7909,47.56417603,15.89068431,17795211,44.42719319,14.73361953,20504379,44.42895091,14.73350657,23591973,44.43071355,14.73338689,26832209,44.43248138,14.73326163,30029562,44.43425485,14.73313013
IOT,64.87007128,72.12070011,-6.682924228,0,0,0,0,0,0,0,0,0,0,0,0,0,0,0
GEO,69890.47911,43.53644553,42.16918867,4743588,43.66179718,41.93601893,4475270,43.68140686,41.93321727,4250135,43.69602483,41.93150986,3999815,43.70484369,41.93121237,3977027,43.70695491,41.93269621
AZE,86370.72562,47.53052829,40.27570865,8117741,48.03327,40.26888004,8563392,48.0555442,40.26882868,9099893,48.079323,40.26846741,9753961,48.10560347,40.26790053,10240569,48.13568894,40.26725736
ISR,22471.04006,35.01866448,31.45917449,6013710,34.98519328,32.14401351,6603677,34.98523976,32.14006878,7420365,34.9853008,32.13643571,8064033,34.98537325,32.13309986,8718238,34.9854534,32.13004501
ARE,79604.96189,54.15534128,23.85509848,3050128,54.98304489,24.54557523,4481976,55.02254455,24.57803879,8329454,55.06144679,24.61001898,9156964,55.09945531,24.64126848,9822013,55.13630146,24.671563
MMR,672595.6553,96.5171224,20.98964439,47669794,96.01696513,19.50996464,49984703,96.04042562,19.4879881,51733018,96.07363626,19.47834976,53897150,96.11147695,19.4754429,56242422,96.15110102,19.47556092
TUR,781814.2542,35.18033399,39.01857148,63240153,33.22553302,39.25379656,67860634,33.13533158,39.25754255,72310422,33.0429841,39.26347825,78665813,32.95045597,39.27172033,82255772,32.85922548,39.28223311
AFG,645513.014,65.95058712,33.75057234,19701952,67.57999823,34.6057424,24399957,67.55676041,34.60897415,27962201,67.53450469,34.60819976,32526557,67.51316112,34.60453357,36442712,67.49266417,34.59888434
BHR,668.2074704,50.54428218,26.06698422,666856,50.559512,26.17238299,867013,50.56076667,26.17151523,1261318,50.56193839,26.17052897,1377238,50.56302528,26.16942102,1486112,50.56402636,26.1681884
CHN,9400019.343,103.4224683,35.5874072,1269975223,113.5305738,32.20917402,1305600507,113.572346,32.18666344,1340968758,113.6140383,32.16159172,1376049048,113.6560029,32.13394999,1402848217,113.6985954,32.10371097
NPL,148211.8783,83.97708956,28.24661515,23740134,84.55321354,27.71120779,25506863,84.55832412,27.66897514,26875912,84.57444166,27.63691131,28513668,84.62714596,27.60303165,30184338,84.74949226,27.55491448
BRN,5808.420057,114.7554495,4.527464683,330558,114.7965014,4.835398676,361889,114.8005158,4.838415934,393304,114.8044604,4.841353253,423191,114.8083336,4.844209227,450477,114.8121271,4.846986919
BGD,140303.3743,90.29043712,23.82388017,131280708,90.19439245,23.91491598,142929947,90.20907419,23.92177016,151616810,90.22416242,23.92787003,160995705,90.23961628,23.93323239,170466778,90.2553836,23.93788043
IND,3166954.933,79.57229373,22.55620854,1053481491,80.08938091,22.22708857,1144326391,80.09554404,22.29943448,1230984693,80.10034969,22.36919494,1311050608,80.10360339,22.43617891,1388858472,80.10517019,22.50022058
HKG,1134.68497,114.134918,22.38103353,6783502,114.1497824,22.3514153,6842460,114.1503227,22.35197565,6993576,114.1508144,22.3525619,7287983,114.151258,22.3531721,7557182,114.1516531,22.35380499
TJK,142203.0972,71.04926203,38.51465141,6186152,69.27787006,38.73419994,6805655,69.25956287,38.72721867,7581696,69.24218962,38.7198906,8481855,69.22567389,38.7122638,9419139,69.20994343,38.70437982
UZB,447430.4566,63.31565234,41.69024473,24518223,67.60458732,40.53501036,25922239,67.6219994,40.51666215,27739761,67.63919095,40.49850227,29893494,67.65615097,40.48053977,31767437,67.67286822,40.46278223
KAZ,2728513.073,67.20673066,47.89142847,14956763,70.30447513,47.33283728,15451761,70.23488107,47.11503266,16310624,70.15391422,46.91156601,17625229,70.06007708,46.72549229,18616175,69.95218332,46.55961434
THA,517030.3122,101.0124428,15.04070174,62693316,101.2974267,14.45004637,65863988,101.2281498,14.36960461,66692015,101.1576142,14.28480723,67959351,101.0861136,14.1954763,68581367,101.0140176,14.10155628
PSE,6238.485082,35.2086319,31.91581062,3223781,34.96509924,31.77194576,3579462,34.95771885,31.76761914,4068781,34.9502089,31.76322114,4668466,34.94257195,31.75875358,5333376,34.93481084,31.7542185
IDN,1902282.324,117.2241193,-2.220705457,211540428,109.762051,-5.070593864,226254748,109.8596438,-5.019483243,241613148,109.9885807,-4.961771926,257563812,110.1633926,-4.896693232,271857452,110.406355,-4.823384417
ARM,29683.86751,44.94671528,40.28685916,3076097,44.59744169,40.28746017,3014911,44.59616638,40.28276914,2963487,44.59479844,40.27837226,3017710,44.59333747,40.2742808,3038110,44.59179206,40.27048857
IRN,1626357.602,54.46969453,32.36416211,65850065,51.98885235,34.14360651,70122106,51.96152656,34.11909981,74253374,51.93425012,34.11239849,79109272,51.91947115,34.10376322,83403272,51.92046908,34.08300087
LBN,10446.30052,35.89551757,33.91819549,3235387,35.67367839,33.90468688,3986876,35.65691775,33.8845539,4337166,35.64197081,33.86739237,5850736,35.62863577,33.85286738,5891496,35.61672117,33.8406523
PHL,297672.1616,122.8998057,11.65770533,77932287,122.4586439,12.03078764,86141418,122.4623836,12.15111253,93038930,122.4720322,12.21329711,100699496,122.4850667,12.23721825,108435780,122.4999142,12.23605574
SYR,186915.7305,38.51239767,35.0041575,16354050,37.26776185,35.05053164,18132837,37.27361913,35.04843921,20720604,37.27915823,35.04588903,18502417,37.2843737,35.04287809,20993587,37.28926261,35.03940575
JOR,89396.57899,36.77623678,31.23432816,4767478,35.91268907,31.97468159,5332980,35.91323025,31.97608669,6517906,35.9138265,31.97749784,7594549,35.91448048,31.97891473,8166792,35.9151952,31.98034101
LAO,231027.5614,103.8056398,18.45661411,5349074,103.7911786,17.9943313,5751629,103.7989001,17.97231694,6267762,103.8075588,17.95502252,6809838,103.8168583,17.94035755,7406281,103.8266536,17.92721989
QAT,11275.55379,51.19222064,25.31084604,593449,51.44705714,25.32071649,836917,51.44705752,25.32071679,1765515,51.4470571,25.32071609,2235357,51.44705729,25.3207164,2452182,51.4470566,25.32071682
KWT,17449.79266,47.61428891,29.35256143,1929470,47.91219617,29.24828758,2263603,47.91671605,29.2430211,3059473,47.92094792,29.23791097,3892114,47.92490062,29.23295552,4316619,47.92858419,29.22815203
MNG,1565629.792,103.1383497,46.70132937,2397441,103.7789449,47.8169564,2526454,104.127078,47.82012184,2712659,104.4715069,47.82335892,2959130,104.8030068,47.82679511,3178902,105.1134148,47.83049282
SAU,1917042.3,44.6482697,23.94941769,21392273,43.36084652,23.26671359,24745223,43.42249605,23.30105125,28090651,43.48436354,23.33499339,31540371,43.54638584,23.36852891,34366243,43.60850406,23.40165045
PAK,877132.497,69.22453289,29.79595522,138250513,71.31803536,30.39700877,153356361,71.33898179,30.41353705,170043886,71.35929831,30.43025734,188924916,71.37902365,30.44718475,208436570,71.39819707,30.46433598
TKM,490263.8454,59.24781342,39.1593406,4501419,60.12956811,38.89518077,4747839,60.11384416,38.88894838,5041994,60.09767437,38.8824366,5373501,60.08105004,38.87563943,5685338,60.06396421,38.86855082
IRQ,446583.3697,43.78125112,32.93340313,23574760,44.67453807,33.52379079,27017711,44.66705493,33.53765964,30868149,44.65676878,33.5570051,36423398,44.64316609,33.58293182,41972385,44.62566858,33.61668274
TWN,36574.26584,120.9537607,23.74589524,21935444,120.917399,24.13088145,22704063,120.9245743,24.14895685,23200394,120.9317079,24.16715675,23381033,120.9387942,24.18545572,23402450,120.9458291,24.20383056
RUS,16883278.72,94.94261505,59.65930462,146400974,53.49384806,53.60621152,143622576,53.23169837,53.57526201,143158121,52.96041506,53.54415407,143456965,52.68039989,53.51281317,142898068,52.39215807,53.48115788
HRV,56910.17322,16.39681918,45.00457806,4428067,16.41012774,45.22412036,4378060,16.39228742,45.2216032,4316422,16.374322,45.21851573,4240314,16.35613541,45.2148352,4162495,16.33756681,45.21053936
MNE,13762.20507,19.2515389,42.78729535,613557,19.27152948,42.65102393,616390,19.2648997,42.63421261,621951,19.25930837,42.61830687,625783,19.2546819,42.60335362,625839,19.25094037,42.58937469
BLR,206450.1223,28.04270812,53.50064624,9952050,27.86402125,53.5236699,9640613,27.85451284,53.52172148,9492125,27.84571958,53.52140244,9495823,27.83795717,53.52306711,9364590,27.83170825,53.52723056
BGR,112055.6639,25.21999994,42.74933759,8000512,25.0703913,42.75140802,7682611,25.06309949,42.74260269,7407300,25.05378957,42.73427599,7149785,25.04244006,42.72644221,6884346,25.02904183,42.71911659
ALA,1459.374195,20.15371511,60.21808461,25841,20.0098627,60.15959289,26773,20.00443827,60.15920467,27960,19.9992692,60.1588108,29227,19.99438211,60.15843533,30205,19.98976826,60.15805022
GGY,88.35966097,-2.515167349,49.48570147,61669,-2.549381568,49.46929402,62504,-2.549379539,49.46929476,63104,-2.549383519,49.46929119,63138,-2.549385398,49.4692904,62966,-2.549383847,49.46929156
MCO,2.355457289,7.423268235,43.73567832,32080,7.423881719,43.73790469,33809,7.423777366,43.73778791,36846,7.423668906,43.73766529,37730,7.423555663,43.73753618,38484,7.42343854,43.73740114
MDA,33796.46958,28.48087807,47.18746863,4201090,28.60862539,47.17558498,4157709,28.60614649,47.17211156,4084481,28.60391387,47.16829801,4068900,28.6019216,47.16404601,4020992,28.60016597,47.15926873
VAT,0.528731019,12.45304804,41.90344846,787,12.45304804,41.90344846,798,12.45304804,41.90344846,799,12.45304804,41.90344846,800,12.45304804,41.90344846,804,12.45304804,41.90344846
DEU,356767.6036,10.37382751,50.99950034,81895954,9.699856123,50.83466132,81246830,9.689206765,50.8228832,80435267,9.679581343,50.81107623,80688538,9.67093162,50.79922927,80392287,9.663218946,50.7873154
EST,45350.21803,25.55222846,58.66052789,1399151,25.6935368,58.98596317,1355656,25.59636128,58.97692731,1332046,25.5343092,58.98177797,1312590,25.48690163,58.99392209,1295114,25.46215559,59.01359994
MKD,24941.94307,21.69169414,41.5928715,2012052,21.53045242,41.71300706,2042895,21.52714025,41.7161938,2062443,21.52382838,41.71938489,2078452,21.52052091,41.72257969,2088375,21.5172208,41.72577626
SRB,77600.64412,20.80907163,44.21068017,7935423,20.62670338,44.42659761,7553694,20.62088327,44.43051202,7289702,20.61507645,44.43453399,6955550,20.60925056,44.43867994,6641624,20.60337412,44.44298163
DNK,43091.74298,10.06830455,55.93881337,5338297,10.83922909,55.84808152,5417664,10.8522564,55.84835795,5550977,10.86619539,55.84846657,5669093,10.88191113,55.84830316,5775666,10.90023398,55.8477439
GRC,132667.0565,22.99551846,38.98199507,10954074,23.30847686,38.68304074,11069649,23.3157581,38.68139069,11177509,23.32308275,38.67956183,10954560,23.33047246,38.67753227,10825393,23.33790071,38.67530108
FRA,549198.9127,2.576984899,46.43544052,59387237,2.689726644,47.11257443,61241755,2.683610757,47.08543437,62961155,2.676824858,47.05757774,64395347,2.669267845,47.02906506,65719957,2.660876319,47.00001059
IRL,70147.63684,-8.162485542,53.14950277,3841557,-7.444969753,53.10174785,4203751,-7.437245077,53.10682403,4617299,-7.427192785,53.11205005,4688439,-7.413422051,53.11792747,4874303,-7.39409614,53.12508659
ROU,237112.8273,24.98043137,45.81645127,22128173,25.24151983,45.70236264,21407628,25.23530558,45.69705314,20298840,25.24364333,45.67993265,19511337,25.36884283,45.57004156,18847485,26.02256762,45.04255667
SVN,20272.49498,14.81641453,46.11677484,1988640,14.90832919,46.17514852,1996463,14.89653097,46.17001925,2051828,14.88472034,46.16487843,2067535,14.87305585,46.1596975,2075043,14.86146019,46.15450783
ISL,102124.2691,-18.59744536,64.96482495,281226,-21.0563383,64.40045047,296747,-21.09262667,64.37882371,318060,-21.12753835,64.35813787,329425,-21.16130323,64.33825171,342143,-21.1937684,64.31925798
SJM,61238.09258,18.30915538,78.84568885,2053,18.30915538,78.84568885,2253,18.30915538,78.84568885,2536,18.30915538,78.84568885,2870,18.30915538,78.84568885,3208,18.30915538,78.84568885
FRO,1391.87203,-6.892319963,62.06831989,46486,-6.816200194,62.03344634,48341,-6.817576577,62.03614423,48568,-6.818969579,62.03828443,48197,-6.820363177,62.03974624,48757,-6.821801163,62.04052911
JEY,125.0344982,-2.132453063,49.21380928,87055,-2.117114024,49.20046041,91796,-2.117043318,49.20046584,96478,-2.116972994,49.20046859,100553,-2.116905688,49.20046982,104525,-2.116841114,49.20046921
MLT,326.037548,14.39917095,35.92312306,387178,14.4576299,35.89931155,397095,14.45728707,35.8993452,412068,14.45699726,35.8993665,418674,14.4567592,35.89937479,422962,14.45657552,35.89936896
LVA,64536.3147,24.93954783,56.84383126,2371484,24.46153344,56.83818406,2227561,24.4599357,56.8368943,2090520,24.45841509,56.83566681,1970501,24.4569466,56.83450397,1918949,24.45552294,56.83339761
LUX,2561.984748,6.094189021,49.77397544,436107,6.083984546,49.6434617,457851,6.084914506,49.64388572,507892,6.085958221,49.64433539,567106,6.087126851,49.64481608,605113,6.088434308,49.64531805
GBR,243737.2779,-2.785541298,53.9597662,58866767,-1.660748569,52.727771,60209497,-1.647426581,52.71624605,62717355,-1.634530469,52.70500051,64714995,-1.621920812,52.69383485,66700922,-1.609843469,52.68303415
BEL,30652.53944,4.668255629,50.63496546,10268383,4.433012122,50.84272558,10561433,4.435027741,50.84343127,10929978,4.436987899,50.84412387,11299186,4.438893424,50.84480156,11634324,4.440738846,50.84546347
POL,311643.7384,19.43306466,52.06093515,38486301,19.33716942,51.68356616,38463509,19.33342277,51.6893357,38574683,19.32806623,51.69507863,38611798,19.31962966,51.70045345,38407271,19.30550517,51.70478129
NLD,37810.94857,5.571040419,52.25261656,15894020,5.301401165,52.08127904,16331644,5.298741066,52.0843184,16631574,5.295822405,52.08731868,16924927,5.292615242,52.09027389,17185104,5.289090591,52.09317585
SWE,448215.3791,16.2776824,62.13673855,8872289,15.3976149,58.85186633,9030153,15.4035918,58.82298731,9382309,15.41066273,58.79523085,9779436,15.41880444,58.76858455,10120381,15.42799908,58.74305503
IMN,578.4026505,-4.539447892,54.22733735,76807,-4.531801178,54.18847725,80346,-4.53206068,54.18923553,84325,-4.532482586,54.19002798,87779,-4.533083794,54.19086076,90852,-4.533872104,54.19173164
BIH,51066.49109,17.79482891,44.16549708,3792879,17.89174353,44.34024915,3833373,17.89370237,44.33642912,3835262,17.89676836,44.33340276,3810417,17.90128437,44.33141408,3758143,17.90769568,44.33077162
KOS,11156.64856,20.88608257,42.57113075,1527879,20.92458315,42.54531116,1632979,20.92302795,42.54318562,1769371,20.92209074,42.54136754,1895456,20.92174832,42.53985513,2031990,20.9219806,42.53864894
NOR,323028.0593,12.29317318,63.57567841,4489519,9.739844825,61.04711409,4622130,9.712181291,61.00461666,4888717,9.685759387,60.96372466,5208107,9.660474364,60.92426719,5490399,9.636232129,60.88606251
AUT,83795.71133,14.12745136,47.57764702,8050874,14.6517671,47.7663629,8234851,14.66202748,47.77020602,8391997,14.67264329,47.773923,8544610,14.68359739,47.77751751,8655711,14.69489314,47.78099074
CHE,41702.89592,8.239222603,46.80462808,7165575,7.962494023,47.02619774,7408620,7.958374572,47.02418774,7830533,7.953907624,47.02203133,8298662,7.949046128,47.0197245,8654281,7.943739712,47.01724732
FIN,335174.9598,26.16706415,64.10179745,5150632,24.98511448,61.75095829,5219595,24.96784664,61.72770276,5339741,24.95190727,61.705546,5474224,24.93723477,61.68445494,5554884,24.92376894,61.66441627
LTU,64857.41106,23.91491052,55.32108128,3486373,23.88679584,55.21876091,3343268,23.89992302,55.20801467,3122837,23.91399026,55.19673279,2878406,23.92912298,55.18482071,2794899,23.94548732,55.1721619
AND,452.2156113,1.575123858,42.54374388,65400,1.555868648,42.5108073,81223,1.556976292,42.51349751,84418,1.558399522,42.51660812,70473,1.560194757,42.52015406,69654,1.562427752,42.52413547
UKR,601639.4374,31.49270948,48.92233769,48746268,31.79798003,48.78007531,46795328,31.75267148,48.78059973,45647495,31.70702007,48.78147048,44823751,31.66112903,48.78263788,43679303,31.61512234,48.78403735
LIE,161.959544,9.553816319,47.14239555,33282,9.549679176,47.15524549,34852,9.549681701,47.1554135,36276,9.54968416,47.15558614,37531,9.549687743,47.15575747,38755,9.549690311,47.15593765
GIB,7.222942253,-5.349237521,36.13650289,27351,-5.349237521,36.13650289,29080,-5.349237521,36.13650289,30732,-5.349237521,36.13650289,32217,-5.349237521,36.13650289,32610,-5.349237521,36.13650289
CZE,78592.4323,15.33912839,49.7302019,10262969,15.63273112,49.8188433,10230857,15.6101584,49.8209608,10506613,15.58572231,49.82345491,10543173,15.55849362,49.82653293,10573280,15.52658976,49.83063653
ESP,506618.711,-3.705696443,40.10760163,40749807,-3.388752654,39.69723165,43854791,-3.350683689,39.65111683,46601418,-3.31322762,39.60590645,46121679,-3.276354331,39.56170577,46193556,-3.240041813,39.51859165
HUN,92922.39489,19.39442749,47.15531204,10224133,19.32725163,47.26146732,10095973,19.3444048,47.2755155,10014582,19.36168291,47.28920562,9855040,19.37906066,47.30246638,9684953,19.39647799,47.3152341
SMR,61.0212697,12.46333241,43.93831726,27420,12.46517925,43.94641793,29242,12.46568762,43.94673061,30690,12.46615337,43.94700946,31781,12.46657789,43.94725831,32473,12.46696249,43.94747846
PRT,92322.23873,-8.54436267,39.54512348,10278018,-9.216449439,39.70978951,10477234,-9.225196377,39.69181622,10574262,-9.234468129,39.67257624,10356070,-9.24111932,39.6550663,10163319,-9.249975478,39.63461119
SVK,49050.85331,19.47303923,48.70447814,5386053,19.15260735,48.65764889,5385205,19.16416465,48.65954575,5406881,19.17557868,48.66135294,5426271,19.1867179,48.66305582,5435313,19.19734148,48.66465133
ALB,28775.48595,20.06505938,41.1279339,3121958,19.91437637,41.15802646,3082157,19.89979067,41.17044678,2901883,19.88586732,41.18155663,2896665,19.8723344,41.19268938,2935139,19.85924687,41.20431942
ITA,301563.9825,12.20635912,42.62266278,57147418,12.21555211,42.80104001,58657323,12.19274449,42.83224442,59578833,12.16985606,42.86337669,59799759,12.1470244,42.89409948,59742681,12.12406373,42.92486986
TTO,5191.60396,-61.25955742,10.47358516,1267979,-61.36790794,10.52556241,1296933,-61.36441626,10.52460419,1328095,-61.36102451,10.52375771,1360087,-61.35772841,10.52302008,1377749,-61.35452183,10.52239028
GRD,361.7392372,-61.65871269,12.15327767,101619,-61.6781831,12.12207952,102952,-61.67875158,12.12039028,104676,-61.67927603,12.11875214,106827,-61.67975666,12.11716777,109385,-61.68019504,12.11563152
BLZ,22111.67792,-88.69135351,17.20516709,247311,-88.57685583,17.39924573,283279,-88.57684972,17.38962539,321608,-88.57692792,17.38034183,359287,-88.57708853,17.3713921,397881,-88.5773263,17.36278478
BHS,13447.81191,-76.60952588,24.22910369,297892,-77.44736475,25.27334185,329243,-77.44328923,25.26936985,360830,-77.43730307,25.26366611,388021,-77.42906255,25.25584261,409629,-77.4181259,25.24541878
CUW,440.3982146,-68.97146952,12.19333126,132101,-68.92549483,12.14727449,129399,-68.92503248,12.14743448,147604,-68.92444751,12.14758046,157205,-68.92371865,12.14766403,163760,-68.92284335,12.14766635
CUB,111274.1148,-79.0011209,21.6165243,11116784,-79.36885901,21.79799612,11261055,-79.35305415,21.79186798,11308137,-79.33709247,21.78589851,11389556,-79.32101195,21.78010719,11365570,-79.30483195,21.77451066
CRI,51500.92203,-84.19338481,9.969309718,3925439,-84.12294704,9.954987417,4247837,-84.13130199,9.95946495,4545271,-84.14002858,9.964003513,4807856,-84.14911912,9.968569945,5043685,-84.15856021,9.973127988
GTM,109778.7322,-90.35713261,15.68935744,11688664,-90.75471336,14.92237868,13183501,-90.75713799,14.93470823,14732256,-90.7592754,14.94732732,16342908,-90.76114237,14.96022835,18014914,-90.76275885,14.97339564
SXM,38.21422962,-63.0623248,18.03823048,31820,-63.05865748,18.04091854,32528,-63.05896934,18.0408771,33126,-63.05929193,18.04078222,38745,-63.05963287,18.04063066,41367,-63.06000056,18.04041808
BMU,68.25960922,-64.76722812,32.309393,64036,-64.78283598,32.29852946,65123,-64.78229025,32.29889567,63954,-64.78170319,32.29928607,62003,-64.78107115,32.2997033,60643,-64.78039217,32.30014652
BLM,24.84281649,-62.83374121,17.90634307,7156,-62.83374121,17.90634307,8290,-62.83374121,17.90634307,9269,-62.83374121,17.90634307,10440,-62.83374121,17.90634307,11636,-62.83374121,17.90634307
PAN,75587.7734,-80.10866594,8.511917377,3028753,-80.31843374,8.770152025,3319310,-80.31384224,8.778993802,3620497,-80.31036547,8.787608371,3929138,-80.3080924,8.795975032,4230973,-80.30709948,8.804086591
CYM,281.8794896,-80.87486853,19.42515738,41685,-81.27104235,19.32613123,48623,-81.27578213,19.32387545,55509,-81.28007983,19.32160157,59968,-81.28394688,19.31930822,63891,-81.28733682,19.31700821
HTI,27219.28916,-72.68543979,18.93487011,8549195,-72.60799003,18.87356943,9263409,-72.60435802,18.88120641,9999608,-72.60269695,18.88549366,10711063,-72.60373883,18.88642597,11378329,-72.6099008,18.88339555
LCA,618.0929572,-60.96676871,13.89831785,156947,-60.97033025,13.92169637,165407,-60.96975172,13.92270175,177396,-60.96912814,13.92377472,185000,-60.9684589,13.9249243,191766,-60.96774105,13.92615903
MEX,1960837.927,-102.1892388,23.70947348,102808753,-100.0424887,21.14288006,109748128,-100.0464378,21.14429972,118617243,-100.0514804,21.14920515,127017027,-100.059106,21.17141847,134837159,-100.0731339,21.29048065
BRB,437.2647133,-59.5563737,13.17223593,269838,-59.56779436,13.14286285,274012,-59.56692911,13.1428352,279565,-59.56600094,13.14283049,284215,-59.56500932,13.1428482,287647,-59.56395108,13.14288636
MSR,101.2112663,-62.18968337,16.73944628,4956,-62.20362432,16.77839884,4778,-62.20362908,16.77839147,4952,-62.20363081,16.77839506,5125,-62.2036302,16.77839057,5248,-62.20362707,16.77839818
NIC,128998.1221,-85.03971874,12.83819053,5026798,-85.96259511,12.53352561,5379328,-85.94053144,12.55651355,5737719,-85.9132798,12.58079447,6082036,-85.87961789,12.60630961,6417991,-85.83779776,12.63283203
GLP,1659.629581,-61.53931082,16.19751262,393711,-61.54784386,16.20638156,407828,-61.54777881,16.20720182,409308,-61.54763534,16.20805217,415479,-61.54741505,16.20891577,419071,-61.54711394,16.2097763
VCT,400.3476527,-61.20073798,13.20032609,107898,-61.20171221,13.17625381,108749,-61.20246739,13.17342686,109314,-61.20325783,13.17045384,109462,-61.20408549,13.16733351,110741,-61.20495125,13.16406097
UMI,41.58976594,166.6280441,19.295374,0,0,0,0,0,0,0,0,0,0,0,0,0,0,0
MAF,56.47339397,-63.06026161,18.07951308,30289,-63.06026161,18.07951308,34644,-63.06026161,18.07951308,38245,-63.06026161,18.07951308,42530,-63.06026161,18.07951308,46800,-63.06026161,18.07951308
TCA,996.2974114,-71.82400789,21.75789781,18878,-71.94553636,21.70831079,26451,-71.98171517,21.71635879,30993,-72.01596815,21.72434528,34338,-72.04746536,21.73194237,36956,-72.07543851,21.73891665
JAM,11059.77447,-77.30991202,18.15669126,2600096,-77.18596438,18.11728633,2677887,-77.18686451,18.11753581,2741255,-77.18771145,18.11776722,2793336,-77.18850872,18.11798094,2840110,-77.18925705,18.11817773
ABW,183.0495414,-69.97026108,12.50930368,90858,-69.9874143,12.50774981,100031,-69.98890316,12.50958945,101596,-69.99034071,12.51139741,103889,-69.99173588,12.51317419,105396,-69.99309314,12.51491772
VGB,170.2682594,-64.51860735,18.50270386,20642,-64.58742683,18.43457366,23168,-64.58738264,18.43459089,27223,-64.58730929,18.43460366,30117,-64.58723764,18.43459614,32642,-64.58715015,18.43458176
VIR,364.1369544,-64.8026247,17.97094302,108513,-64.84582584,18.04012149,107768,-64.84660065,18.04454922,106381,-64.84744689,18.04921936,106291,-64.84835609,18.05411306,107016,-64.84932854,18.05922255
CAN,9942281.573,-96.44208665,57.64217684,30702641,-85.98317851,46.68886678,32256639,-86.253027,46.71182453,34112430,-86.51514946,46.73430895,35932174,-86.78131952,46.75930255,37598321,-87.04217918,46.78476628
PRI,9004.895806,-66.46811009,18.22269551,3797082,-66.34868739,18.2805561,3761017,-66.34763724,18.28045205,3715299,-66.34654915,18.28031807,3683369,-66.34528145,18.28023303,3674871,-66.34387232,18.28011334
AIA,83.75495794,-63.05813322,18.22338226,11071,-63.05813322,18.22338226,12637,-63.05813322,18.22338226,13768,-63.05813322,18.22338226,14614,-63.05813322,18.22338226,15266,-63.05813322,18.22338226
BES,325.6578381,-67.69547818,12.80280248,14391,-67.00122938,13.52180978,14403,-66.98800253,13.53324371,20942,-66.97282587,13.5467036,24862,-66.9552142,13.56269325,26476,-66.9360155,13.58032723
MTQ,1124.552827,-61.01768026,14.65254246,387016,-61.01480292,14.63949786,397058,-61.01282933,14.63689101,394691,-61.01090959,14.63416503,396426,-61.00905855,14.63130737,394778,-61.0072923,14.62830714
DOM,48361.83792,-70.49274236,18.89375629,8562624,-70.23688443,18.84252423,9237568,-70.21039454,18.82938255,9897982,-70.18639606,18.81689493,10528388,-70.16462398,18.80546314,11106603,-70.14661577,18.7962241
HND,112947.4021,-86.61862292,14.81546869,6243082,-87.47046971,14.74900372,6880201,-87.47105783,14.75469878,7503868,-87.47160682,14.76039327,8075057,-87.47211517,14.76612545,8650580,-87.47257939,14.77193689
ATG,438.229375,-61.79827097,17.270381,77648,-61.81754012,17.10771611,82566,-61.8179987,17.10853361,87233,-61.81855667,17.10940909,91819,-61.81920393,17.11031811,96412,-61.81993098,17.11124022
GRL,2153596.947,-41.64549189,72.23078436,56168,-50.27164654,65.87420261,56950,-50.28668043,65.84184617,56541,-50.30494124,65.81134034,56187,-50.32314408,65.78010165,56456,-50.34066367,65.74912153
DMA,758.5774134,-61.34996302,15.4344804,69680,-61.34901725,15.39024661,70543,-61.3500872,15.38966086,71168,-61.35115648,15.38912687,72680,-61.35222196,15.38864175,74323,-61.35328074,15.38821122
KNA,268.6036714,-62.70124478,17.27178138,45545,-62.70809968,17.2808598,49140,-62.70653923,17.27898645,52351,-62.70495597,17.27707754,55572,-62.70336974,17.27515381,58471,-62.70177905,17.27321582
SPM,226.5571313,-56.30575418,46.92976296,6271,-56.20338007,46.80150794,6259,-56.20261959,46.80055406,6274,-56.20188502,46.79963265,6288,-56.20119836,46.79877134,6408,-56.20054978,46.79795776
SLV,20544.87311,-88.86643318,13.72973508,5811837,-89.05111406,13.71577678,5947212,-89.05858524,13.71720077,6038303,-89.06626083,13.71883819,6126583,-89.0738836,13.72084258,6230901,-89.080952,13.72358183
GUM,553.0991688,144.7768942,13.44332794,155337,144.8018764,13.48015668,158395,144.8037772,13.48204011,159426,144.8055072,13.48372608,169886,144.8070674,13.48522939,180367,144.8084699,13.48656019
TON,767.3710272,-174.814934,-19.83402098,97898,-174.988271,-20.42805719,100858,-175.0071868,-20.4949524,103948,-175.0240789,-20.55474392,106170,-175.0392308,-20.60844728,110761,-175.0528381,-20.65674666
COK,262.6853776,-158.9491628,-19.06934289,17824,-159.8393137,-19.7447443,19401,-159.8224882,-20.00579102,20284,-159.8114687,-20.20882618,20833,-159.8049949,-20.36439137,21448,-159.800815,-20.48500086
WLF,156.6714982,-177.1013449,-13.76505467,14496,-176.8367087,-13.62290911,14247,-176.8155189,-13.6116913,13566,-176.7944706,-13.60052977,13151,-176.7736513,-13.58946793,13091,-176.753047,-13.57849782
VUT,12428.29348,167.7122906,-16.19568037,185049,168.0398963,-16.77550654,209378,168.038241,-16.78395392,236286,168.0373245,-16.794295,264660,168.037335,-16.80632928,294103,168.0381883,-16.82025042
NFK,40.7791549,167.9523316,-29.03823769,2345,167.9522656,-29.03257938,2340,167.9522656,-29.03257938,2407,167.9522656,-29.03257938,2448,167.9522656,-29.03257938,2460,167.9522656,-29.03257938
MHL,303.0565846,169.0124526,8.633413526,52159,169.7904238,7.73846205,52058,169.8390918,7.726819789,52429,169.8862956,7.714787905,52996,169.9311197,7.703276345,53263,169.9724437,7.69366802
NIU,268.0844398,-169.8585459,-19.05239401,1900,-169.8776975,-19.05925323,1686,-169.8780687,-19.05929352,1622,-169.8782228,-19.05991576,1608,-169.8782213,-19.06152454,1622,-169.8780798,-19.06433946
WSM,2870.418583,-172.1724984,-13.74453767,174615,-171.950428,-13.82876557,179930,-171.9498033,-13.82874295,186032,-171.9490238,-13.82873873,193232,-171.9480961,-13.8287525,199152,-171.9470119,-13.82878804
SLB,28696.01279,159.5554542,-8.881742845,412329,160.0703639,-9.000650939,469286,160.0482954,-9.011779251,526169,160.0278841,-9.023853215,583602,160.0092749,-9.03686814,640041,159.9925296,-9.050758928
MNP,507.0084381,145.5994619,15.98897976,68434,145.6985887,15.11128611,64368,145.6984204,15.11092088,53867,145.698202,15.1104539,55070,145.6980015,15.11002043,55761,145.6977716,15.10953144
TUV,41.99680589,178.0924807,-7.580885441,9421,178.4103515,-7.753073954,9694,178.4914403,-7.82735047,9831,178.5697024,-7.899627696,9911,178.6446624,-7.969675104,10098,178.714616,-8.036045484
NCL,18918.76848,165.6941494,-21.3030097,209996,166.280201,-21.80369924,228684,166.2562998,-21.84163347,246340,166.2400378,-21.87340308,263117,166.2295099,-21.89925569,279574,166.2231177,-21.919725
TKL,15.76747638,-171.7834096,-9.068322367,1552,-171.8265638,-9.031462129,1210,-171.8271226,-9.031063631,1134,-171.826664,-9.031347401,1251,-171.8268291,-9.031276037,1356,-171.8269224,-9.031178979
KIR,1017.709215,-152.9524917,0.586710375,84397,176.3859629,1.079073227,92336,176.1103805,1.115868885,102651,175.8935621,1.168407389,112419,175.7350028,1.230683621,122431,175.6294013,1.299066511
PLW,489.2862139,134.5030548,7.413415199,19177,134.4300319,7.295640804,19907,134.4325694,7.298936135,20470,134.4353484,7.303359763,21291,134.4376664,7.308207677,22447,134.4379765,7.31163605
ASM,224.7264449,-170.314382,-14.22197121,57524,-170.6876962,-14.30443754,59116,-170.6896635,-14.30604093,55630,-170.6908695,-14.30732296,55540,-170.6910866,-14.30839584,55849,-170.6904334,-14.30936448
FJI,19068.18258,178.3626914,-17.44128668,811223,178.2378214,-17.65114728,821808,178.2299517,-17.66689415,859975,178.2232031,-17.68188526,892149,178.2174728,-17.6961919,915445,178.2127723,-17.7098838
PCN,54.43437184,-128.4954759,-24.42617582,102,-128.4954759,-24.42617582,118,-128.4954759,-24.42617582,135,-128.4954759,-24.42617582,156,-128.4954759,-24.42617582,180,-128.4954759,-24.42617582
PYF,4162.601479,-145.1125915,-15.49247453,237272,-149.0356536,-17.26379631,254888,-149.0735609,-17.26975996,268067,-149.1052853,-17.27497819,282764,-149.1304838,-17.27912184,296263,-149.1481109,-17.28193302
FSM,779.9152854,154.7164568,7.075917846,107428,153.4468394,7.156747052,106197,153.4638835,7.173028123,103614,153.463808,7.186378148,104457,153.4435934,7.196089929,107802,153.4001416,7.200150723
AUS,7716676.953,134.3031754,-25.25782787,19104943,144.9023852,-32.78519238,20272068,144.9023654,-32.78502381,22160321,144.9021627,-32.78487288,23966501,144.902006,-32.78472929,25595156,144.9018459,-32.78458072
NZL,278458.9764,172.9215698,-41.47213604,3858339,174.3812873,-39.48774995,4134689,174.3826702,-39.45544498,4368787,174.3824533,-39.42629847,4528216,174.3819812,-39.39844254,4729710,174.3803127,-39.37365291
NRU,22.30031944,166.9344837,-0.52847039,10042,166.9263992,-0.529052898,10115,166.926995,-0.52935158,10026,166.9274959,-0.529607654,10223,166.9278988,-0.529815112,10406,166.9282103,-0.529976081
PNG,466857.5799,145.2453999,-6.467517408,5374051,146.1569053,-6.208426707,6086909,146.1053083,-6.197464576,6847516,146.0458829,-6.185487,7619321,145.9783978,-6.172461395,8412722,145.9027859,-6.158378811
PER,1300804.581,-74.39483562,-9.090108963,25914876,-76.27767053,-10.63057457,27610413,-76.27853468,-10.64624543,29373630,-76.27417624,-10.66898828,31376666,-76.2638778,-10.6993369,33317103,-76.24671563,-10.73787899
VEN,918311.0659,-66.13505197,7.114067276,24481471,-67.95318107,9.789165407,26769118,-67.96254647,9.78167789,28995749,-67.96804237,9.773451209,31108084,-67.96394701,9.763286781,33116328,-67.93336196,9.747777332
COL,1144037.778,-73.08200228,3.882795283,40403965,-74.94562168,5.815416036,43285643,-74.93145968,5.821023071,45918094,-74.91351139,5.830286489,48228707,-74.89054803,5.845156704,50228930,-74.859864,5.869714577
BOL,1089460.168,-64.66987243,-16.64671931,8339511,-65.72969331,-17.49153224,9125403,-65.69740988,-17.4861345,9918249,-65.66777861,-17.47668511,10724707,-65.64124676,-17.46211984,11548298,-65.61844133,-17.44105192
ECU,258342.3769,-78.76991402,-1.42702304,12628589,-79.31169798,-1.456793211,13735220,-79.30522143,-1.444906588,14934705,-79.29788815,-1.43268097,16144364,-79.28959989,-1.420092023,17338405,-79.28024626,-1.40711698
GUF,83856.81354,-53.23086702,3.92922828,163163,-52.8052915,4.82149115,203495,-52.86459614,4.80579788,233797,-52.92729677,4.788322984,268606,-52.99239507,4.769181606,304198,-53.05866013,4.748561547
SUR,147401.499,-55.91589871,4.134691126,480750,-55.38567551,5.60767109,492000,-55.36861237,5.609535753,518140,-55.35097648,5.612150277,542975,-55.3334418,5.615583501,564893,-55.31657964,5.619807793
SGS,4087.672635,-35.91018964,-54.67749368,0,0,0,0,0,0,0,0,0,0,0,0,0,0,0
CHL,758996.2355,-71.06394096,-35.54067051,15170385,-71.26661015,-34.0791351,16096574,-71.2637361,-34.05683924,17015049,-71.25667021,-34.02489917,17948133,-71.24528764,-33.98292821,18842414,-71.22935207,-33.92967121
BRA,8552004.749,-53.19302408,-10.37410544,175787047,-45.51604189,-17.02365908,188480095,-45.55362563,-16.94178268,198613994,-45.59790145,-16.85157872,207848047,-45.64971828,-16.752319,215997612,-45.70998637,-16.64300888
URY,177960.7835,-56.02494527,-32.77132724,3321232,-56.22856392,-33.9971897,3325630,-56.22749789,-34.01571262,3374405,-56.22503459,-34.03117311,3431563,-56.22125557,-34.04494609,3494819,-56.21617114,-34.05783518
FLK,12378.10959,-59.3952423,-51.74122814,2880,-58.17977871,-51.73307661,2942,-58.14203198,-51.72867562,2856,-58.11484796,-51.72481147,2903,-58.09632899,-51.72154458,2932,-58.08236268,-51.71884906
PRY,401438.1158,-58.43556162,-23.19648805,5302693,-56.68025908,-25.30541337,5795489,-56.68051653,-25.29760196,6209883,-56.68087014,-25.28972489,6639119,-56.6811643,-25.28174529,7067102,-56.68120766,-25.27360666
ARG,2786475.313,-64.74948355,-34.30004186,37057446,-61.28362509,-32.74702648,39145486,-61.28748359,-32.77970085,41222883,-61.29084979,-32.81750319,43416759,-61.29390752,-32.86128953,45516865,-61.29700862,-32.91219765
GUY,211135.1158,-58.97761543,4.786486745,742215,-58.14814033,6.510974682,742497,-58.16519994,6.50807384,753356,-58.18260307,6.503896732,767084,-58.20042324,6.498280125,786794,-58.2186628,6.491147626
USA,9498518.681,-103.6442298,42.04597386,282923956,-91.59458829,37.52083319,296176907,-91.77830349,37.43161389,309319426,-91.96408883,37.33753534,321753874,-92.14852177,37.23985867,333553779,-92.33603744,37.1360918
